<?xml version="1.0" encoding="UTF-8"?>
<project-private xmlns="http://www.netbeans.org/ns/project-private/1">
    <editor-bookmarks xmlns="http://www.netbeans.org/ns/editor-bookmarks/2" lastBookmarkId="0"/>
    <open-files xmlns="http://www.netbeans.org/ns/projectui-open-files/2">
        <group>
            <file>file:/E:/Important@Arpan/Programming/Java%20Applications%20%5BSelf%20&amp;%20Partner%5D/Apps%20by%20Arpan%20Bhattacharya/MAGNUS%20@Arpan%202018-2020/Development%20Files/Magnus%20Ver5%20COMPLETE%202019/NetBeans%20File/MAGNUS.RoboTech@Arpan/src/AppPages/Welcome.java</file>
            <file>file:/E:/Important@Arpan/Programming/Java%20Applications%20%5BSelf%20&amp;%20Partner%5D/Apps%20by%20Arpan%20Bhattacharya/MAGNUS%20@Arpan%202018-2020/Development%20Files/Magnus%20Ver5%20COMPLETE%202019/NetBeans%20File/MAGNUS.RoboTech@Arpan/src/AppPages/AboutRobotics.java</file>
            <file>file:/E:/Important@Arpan/Programming/Java%20Applications%20%5BSelf%20&amp;%20Partner%5D/Apps%20by%20Arpan%20Bhattacharya/MAGNUS%20@Arpan%202018-2020/Development%20Files/Magnus%20Ver5%20COMPLETE%202019/NetBeans%20File/MAGNUS.RoboTech@Arpan/src/AppPages/PurposeChoice.java</file>
            <file>file:/E:/Important@Arpan/Programming/Java%20Applications%20%5BSelf%20&amp;%20Partner%5D/Apps%20by%20Arpan%20Bhattacharya/MAGNUS%20@Arpan%202018-2020/Development%20Files/Magnus%20Ver5%20COMPLETE%202019/NetBeans%20File/MAGNUS.RoboTech@Arpan/src/AppPages/ExpertKnow.java</file>
            <file>file:/E:/Important@Arpan/Programming/Java%20Applications%20%5BSelf%20&amp;%20Partner%5D/Apps%20by%20Arpan%20Bhattacharya/MAGNUS%20@Arpan%202018-2020/Development%20Files/Magnus%20Ver5%20COMPLETE%202019/NetBeans%20File/MAGNUS.RoboTech@Arpan/src/AppPages/RoboKnowledge.java</file>
        </group>
    </open-files>
</project-private>
